
[
  { "name": "Algeria",  "continent": "Africa", "positionInContinent": 1 },
  { "name": "Angola", "continent": "Africa", "positionInContinent": 2 },
  { "name": "Benin",  "continent": "Africa", "positionInContinent": 3 },
  { "name": "Botswana",  "continent": "Africa", "positionInContinent": 4 },
  { "name": "Burkina Faso",  "continent": "Africa", "positionInContinent": 5 },
  { "name": "Burundi",  "continent": "Africa", "positionInContinent": 6 },
  { "name": "Cabo Verde",  "continent": "Africa", "positionInContinent": 7 },
  { "name": "Cameroon",  "continent": "Africa", "positionInContinent": 8 },
  { "name": "Central African Republic", "aliases": ["CAR,C.A.R"], "continent": "Africa", "positionInContinent": 9 },
  { "name": "Chad",  "continent": "Africa", "positionInContinent": 10 },
  { "name": "Comoros", "continent": "Africa", "positionInContinent": 11 },
  { "name": "Congo",  "continent": "Africa", "positionInContinent": 12 },
  { "name": "Dem. Rep. Congo ", "aliases": ["RD congo,RD.congo"], "continent": "Africa", "positionInContinent": 13 },
  { "name": "Djibouti",  "continent": "Africa", "positionInContinent": 14 },
  { "name": "Egypt",  "continent": "Africa", "positionInContinent": 15 },
  { "name": "Equatorial Guinea",  "continent": "Africa", "positionInContinent": 16 },
  { "name": "Eritrea",  "continent": "Africa", "positionInContinent": 17 },
  { "name": "Eswatini",  "continent": "Africa", "positionInContinent": 18 },
  { "name": "Ethiopia",  "continent": "Africa", "positionInContinent": 19 },
  { "name": "Gabon",  "continent": "Africa", "positionInContinent": 20 },
  { "name": "Gambia",  "continent": "Africa", "positionInContinent": 21 },
  { "name": "Ghana",  "continent": "Africa", "positionInContinent": 22 },
  { "name": "Guinea",  "continent": "Africa", "positionInContinent": 23 },
  { "name": "Guinea-Bissau", "aliases": ["guinea bissau"], "continent": "Africa", "positionInContinent": 24 },
  { "name": "Ivory Coast",  "continent": "Africa", "positionInContinent": 25 },
  { "name": "Kenya",  "continent": "Africa", "positionInContinent": 26 },
  { "name": "Lesotho",  "continent": "Africa", "positionInContinent": 27 },
  { "name": "Liberia",  "continent": "Africa", "positionInContinent": 28 },
  { "name": "Libya",  "continent": "Africa", "positionInContinent": 29 },
  { "name": "Madagascar", "continent": "Africa", "positionInContinent": 30 },
  { "name": "Malawi",  "continent": "Africa", "positionInContinent": 31 },
  { "name": "Mali",  "continent": "Africa", "positionInContinent": 32 },
  { "name": "Mauritania", "continent": "Africa", "positionInContinent": 33 },
  { "name": "Mauritius",  "continent": "Africa", "positionInContinent": 34 },
  { "name": "Morocco", "aliases": ["morroco"], "continent": "Africa", "positionInContinent": 35 },
  { "name": "Mozambique",  "continent": "Africa", "positionInContinent": 36 },
  { "name": "Namibia",  "continent": "Africa", "positionInContinent": 37 },
  { "name": "Niger",  "continent": "Africa", "positionInContinent": 38 },
  { "name": "Nigeria",  "continent": "Africa", "positionInContinent": 39 },
  { "name": "Rwanda",  "continent": "Africa", "positionInContinent": 40 },
  { "name": "Sao Tome and Principe", "aliases": ["STP, S.T.P"] ,"continent": "Africa", "positionInContinent": 41 },
  { "name": "Senegal",  "continent": "Africa", "positionInContinent": 42 },
  { "name": "Seychelles",  "continent": "Africa", "positionInContinent": 43 },
  { "name": "Sierra Leone",  "continent": "Africa", "positionInContinent": 44 },
  { "name": "Somalia",  "continent": "Africa", "positionInContinent": 45 },
  { "name": "Somalia","aliases": ["Somali land"],  "continent": "Africa", "positionInContinent": 45 },
  { "name": "South Africa",  "continent": "Africa", "positionInContinent": 46 },
  { "name": "S. Sudan", "aliases": ["south sudan"], "continent": "Africa", "positionInContinent": 47 },
  { "name": "sudan", "continent": "Africa", "positionInContinent": 48 },
  { "name": "Tanzania",  "continent": "Africa", "positionInContinent": 49 },
  { "name": "Togo", "continent": "Africa", "positionInContinent": 50 },
  { "name": "Tunisia",  "continent": "Africa", "positionInContinent": 51 },
  { "name": "Uganda",  "continent": "Africa", "positionInContinent": 52 },
  { "name": "Zambia",  "continent": "Africa", "positionInContinent": 53 },
  { "name": "Zimbabwe", "continent": "Africa", "positionInContinent": 54 },

  { "name": "Afghanistan",  "continent": "Asia", "positionInContinent": 1 },
  { "name": "Armenia", "continent": "Asia", "positionInContinent": 2 },
  { "name": "Azerbaijan", "aliases": ["azerbaidjan"], "continent": "Asia", "positionInContinent": 3 },
  { "name": "Bahrain",  "continent": "Asia", "positionInContinent": 4 },
  { "name": "Bangladesh",  "continent": "Asia", "positionInContinent": 5 },
  { "name": "Bhutan", "continent": "Asia", "positionInContinent": 6 },
  { "name": "Brunei",  "continent": "Asia", "positionInContinent": 7 },
  { "name": "Cambodia",  "continent": "Asia", "positionInContinent": 8 },
  { "name": "China",  "continent": "Asia", "positionInContinent": 9 },
  { "name": "Cyprus",  "continent": "Asia", "positionInContinent": 10 },
  { "name": "Georgia", "continent": "Asia", "positionInContinent": 11 },
  { "name": "India",  "continent": "Asia", "positionInContinent": 12 },
  { "name": "Indonesia", "continent": "Asia", "positionInContinent": 13 },
  { "name": "Iran",  "continent": "Asia", "positionInContinent": 14 },
  { "name": "Iraq",  "continent": "Asia", "positionInContinent": 15 },
  { "name": "Japan", "continent": "Asia", "positionInContinent": 17 },
  { "name": "Jordan", "continent": "Asia", "positionInContinent": 18 },
  { "name": "Kazakhstan", "aliases": ["kazakh,khazakhistan"], "continent": "Asia", "positionInContinent": 19 },
  { "name": "Kuwait",  "continent": "Asia", "positionInContinent": 20 },
  { "name": "Kyrgyzstan", "aliases": ["kergyzestan"] ,"continent": "Asia", "positionInContinent": 21 },
  { "name": "Laos",  "continent": "Asia", "positionInContinent": 22 },
  { "name": "Lebanon",  "continent": "Asia", "positionInContinent": 23 },
  { "name": "Malaysia",  "continent": "Asia", "positionInContinent": 24 },
  { "name": "Maldives",  "continent": "Asia", "positionInContinent": 25 },
  { "name": "Mongolia", "continent": "Asia", "positionInContinent": 26 },
  { "name": "Myanmar", "continent": "Asia", "positionInContinent": 27 },
  { "name": "Nepal",  "continent": "Asia", "positionInContinent": 28 },
  { "name": "North Korea","aliases": ["n.korea"],  "continent": "Asia", "positionInContinent": 29 },
  { "name": "Oman",  "continent": "Asia", "positionInContinent": 30 },
  { "name": "Pakistan", "continent": "Asia", "positionInContinent": 31 },
  { "name": "Palestine",  "continent": "Asia", "positionInContinent": 32 },
  { "name": "Philippines",  "continent": "Asia", "positionInContinent": 33 },
  { "name": "Qatar",  "continent": "Asia", "positionInContinent": 34 },
  { "name": "Saudi Arabia","aliases": ["ksa"] ,"positionInContinent": 35},
  { "name": "Singapore","continent": "Asia", "positionInContinent": 36 },
  { "name": "South Korea", "aliases": ["s.korea"],"continent": "Asia", "positionInContinent": 37 },
  { "name": "Sri Lanka",  "continent": "Asia", "positionInContinent": 38 },
  { "name": "Syria",  "continent": "Asia", "positionInContinent": 39 },
  { "name": "Taiwan",  "continent": "Asia", "positionInContinent": 40 },
  { "name": "Tajikistan",  "continent": "Asia", "positionInContinent": 41 },
  { "name": "Thailand",  "continent": "Asia", "positionInContinent": 42 },
  { "name": "Timor-Leste",  "continent": "Asia", "positionInContinent": 43 },
  { "name": "Turkmenistan",  "continent": "Asia", "positionInContinent": 44 },
  { "name": "United Arab Emirates", "aliases": ["UAE"], "continent": "Asia", "positionInContinent": 45 },
  { "name": "Uzbekistan", "continent": "Asia", "positionInContinent": 46 },
  { "name": "Vietnam",  "continent": "Asia", "positionInContinent": 47 },
  { "name": "Yemen",  "continent": "Asia", "positionInContinent": 48 },
  { "name": "Albania",  "continent": "Europe", "positionInContinent": 1 },
  { "name": "Andorra",  "continent": "Europe", "positionInContinent": 2 },
  { "name": "Austria",  "continent": "Europe", "positionInContinent": 3 },
  { "name": "Belarus",  "continent": "Europe", "positionInContinent": 4 },
  { "name": "Belgium",  "continent": "Europe", "positionInContinent": 5 },
  { "name": "Bosnia and Herzegovina", "aliases": ["bosnia"], "continent": "Europe", "positionInContinent": 6 },
  { "name": "Bulgaria",  "continent": "Europe", "positionInContinent": 7 },
  { "name": "Croatia",  "continent": "Europe", "positionInContinent": 8 },
  { "name": "Czech Republic", "aliases": ["czechia"], "continent": "Europe", "positionInContinent": 9 },
  { "name": "Denmark", "continent": "Europe", "positionInContinent": 10 },
  { "name": "Turkey", "continent": "Europe", "positionInContinent": 43 },
  { "name": "Estonia",  "continent": "Europe", "positionInContinent": 11 },
  { "name": "Finland",  "continent": "Europe", "positionInContinent": 12 },
  { "name": "France",  "continent": "Europe", "positionInContinent": 13 },
  { "name": "Germany", "continent": "Europe", "positionInContinent": 14 },
  { "name": "Greece",  "continent": "Europe", "positionInContinent": 15 },
  { "name": "Hungary",  "continent": "Europe", "positionInContinent": 16 },
  { "name": "Iceland", "continent": "Europe", "positionInContinent": 17 },
  { "name": "Ireland",  "continent": "Europe", "positionInContinent": 18 },
  { "name": "Italy",  "continent": "Europe", "positionInContinent": 19 },
  { "name": "Kosovo",  "continent": "Europe", "positionInContinent": 20 },
  { "name": "Latvia",  "continent": "Europe", "positionInContinent": 21 },
  { "name": "Liechtenstein",  "continent": "Europe", "positionInContinent": 22 },
  { "name": "Lithuania", "continent": "Europe", "positionInContinent": 23 },
  { "name": "Luxembourg",  "continent": "Europe", "positionInContinent": 24 },
  { "name": "Malta", "continent": "Europe", "positionInContinent": 25 },
  { "name": "Moldova",  "continent": "Europe", "positionInContinent": 26 },
  { "name": "Monaco",  "continent": "Europe", "positionInContinent": 27 },
  { "name": "Montenegro", "continent": "Europe", "positionInContinent": 28 },
  { "name": "Netherlands", "aliases": ["Holland"], "continent": "Europe", "positionInContinent": 29 },
  { "name": "North Macedonia", "continent": "Europe", "positionInContinent": 30 },
  { "name": "Norway",  "continent": "Europe", "positionInContinent": 31 },
  { "name": "Poland",  "continent": "Europe", "positionInContinent": 32 },
  { "name": "Portugal", "continent": "Europe", "positionInContinent": 33 },
  { "name": "Romania",  "continent": "Europe", "positionInContinent": 34 },
  { "name": "Russia",  "continent": "Europe", "positionInContinent": 35 },
  { "name": "San Marino",  "continent": "Europe", "positionInContinent": 36 },
  { "name": "Serbia",  "continent": "Europe", "positionInContinent": 37 },
  { "name": "Slovakia",  "continent": "Europe", "positionInContinent": 38 },
  { "name": "Slovenia",  "continent": "Europe", "positionInContinent": 39 },
  { "name": "Spain",  "continent": "Europe", "positionInContinent": 40 },
  { "name": "Sweden",  "continent": "Europe", "positionInContinent": 41 },
  { "name": "Switzerland", "continent": "Europe", "positionInContinent": 42 },
  { "name": "Ukraine",  "continent": "Europe", "positionInContinent": 44 },
  { "name": "United Kingdom", "aliases": ["UK","Britain","England"], "continent": "Europe", "positionInContinent": 45 },
  { "name": "Vatican ",  "continent": "Europe", "positionInContinent": 46 },
  { "name": "Antigua and Barbuda",  "aliases": ["barbuda"], "continent": "North America", "positionInContinent": 1 },
  { "name": "Bahamas",  "continent": "North America", "positionInContinent": 2 },
  { "name": "Barbados",  "continent": "North America", "positionInContinent": 3 },
  { "name": "Belize",  "continent": "North America", "positionInContinent": 4 },
  { "name": "Canada", "continent": "North America", "positionInContinent": 5 },
  { "name": "Costa Rica",  "continent": "North America", "positionInContinent": 6 },
  { "name": "Cuba",  "continent": "North America", "positionInContinent": 7 },
  { "name": "Dominica",  "continent": "North America", "positionInContinent": 8 },
  { "name": "Dominican Republic", "aliases": ["r.dominica"], "continent": "North America", "positionInContinent": 9 },
  { "name": "El Salvador",  "continent": "North America", "positionInContinent": 10 },
  { "name": "Grenada", "continent": "North America", "positionInContinent": 11 },
  { "name": "Guatemala",  "continent": "North America", "positionInContinent": 12 },
  { "name": "Haiti",  "continent": "North America", "positionInContinent": 13 },
  { "name": "Honduras",  "continent": "North America", "positionInContinent": 14 },
  { "name": "Jamaica",  "continent": "North America", "positionInContinent": 15 },
  { "name": "Mexico",  "continent": "North America", "positionInContinent": 16 },
  { "name": "Nicaragua", "continent": "North America", "positionInContinent": 17 },
  { "name": "Panama",  "continent": "North America", "positionInContinent": 18 },
  { "name": "Saint Kitts and Nevis",  "continent": "North America", "positionInContinent": 19 },
  { "name": "Saint Lucia",  "continent": "North America", "positionInContinent": 20 },
  { "name": "Saint Vincent and the Grenadines",  "continent": "North America", "positionInContinent": 21 },
  { "name": "Trinidad and Tobago",  "continent": "North America", "positionInContinent": 22 },
  { "name": "United States of America", "aliases": ["usa", "USA", "United States of America"], "continent": "North America", "positionInContinent": 23 },

  { "name": "Argentina",  "continent": "South America", "positionInContinent": 1 },
  { "name": "Bolivia",  "continent": "South America", "positionInContinent": 2 },
  { "name": "Brazil",  "continent": "South America", "positionInContinent": 3 },
  { "name": "Chile",  "continent": "South America", "positionInContinent": 4 },
  { "name": "Colombia",  "continent": "South America", "positionInContinent": 5 },
  { "name": "Ecuador",  "continent": "South America", "positionInContinent": 6 },
  { "name": "Guyana",  "continent": "South America", "positionInContinent": 7 },
  { "name": "Paraguay",  "continent": "South America", "positionInContinent": 8 },
  { "name": "Peru",  "continent": "South America", "positionInContinent": 9 },
  { "name": "Suriname",  "continent": "South America", "positionInContinent": 10 },
  { "name": "Uruguay",  "continent": "South America", "positionInContinent": 11 },
  { "name": "Venezuela",  "continent": "South America", "positionInContinent": 12 },
  
  { "name": "Australia",  "continent": "Oceania", "positionInContinent": 1 },
  { "name": "Fiji",  "continent": "Oceania", "positionInContinent": 2 },
  { "name": "Kiribati",  "continent": "Oceania", "positionInContinent": 3 },
  { "name": "Marshall Islands",  "continent": "Oceania", "positionInContinent": 4 },
  { "name": "Micronesia",  "continent": "Oceania", "positionInContinent": 5 },
  { "name": "Nauru",  "continent": "Oceania", "positionInContinent": 6 },
  { "name": "New Zealand",  "continent": "Oceania", "positionInContinent": 7 },
  { "name": "Palau",  "continent": "Oceania", "positionInContinent": 8 },
  { "name": "Papua New Guinea",  "continent": "Oceania", "positionInContinent": 9 },
  { "name": "Samoa",  "continent": "Oceania", "positionInContinent": 10 },
  { "name": "Solomon Islands",  "continent": "Oceania", "positionInContinent": 11 },
  { "name": "Tonga",  "continent": "Oceania", "positionInContinent": 12 },
  { "name": "Tuvalu",  "continent": "Oceania", "positionInContinent": 13 },
  { "name": "Vanuatu",  "continent": "Oceania", "positionInContinent": 14 },

  { "name": "W. Sahara", "aliases": ["SADR"], "continent": "Africa", "positionInContinent": 55 }
]
